{
  "episode_key": "gibson_1/Albertville/traj_5/instruction.json",
  "NE": 4.2111912946549515,
  "SR": 0,
  "OSR": 0,
  "nDTW": 0.03181317640613066,
  "final_dist": 4.2111912946549515,
  "final_angle_diff": 3.0142425916891504,
  "gt_path_length": 14.139976363029104,
  "pred_steps": 72
}