{
  "episode_key": "gibson_1/Micanopy/traj_1/instruction.json",
  "NE": 3.3176440454593887,
  "SR": 0,
  "OSR": 0,
  "nDTW": 0.03643938884168411,
  "final_dist": 3.3176440454593887,
  "final_angle_diff": 3.0790831457247005,
  "gt_path_length": 18.759999519989268,
  "pred_steps": 39
}