{
  "episode_key": "/gibson_1/Micanopy/traj_4/instruction_pro.json",
  "success": false,
  "steps": 60,
  "trajectory": [
    [
      0.682837,
      2.48757,
      3.46,
      0.031415053871271935
    ],
    [
      0.6979351549518998,
      1.8811708564712482,
      3.4582171757298488,
      0.05197270878753123
    ],
    [
      0.8031362864810138,
      1.5952882180443946,
      3.459423674628648,
      0.21309020552542757
    ],
    [
      0.8263702929406999,
      1.1982975295777711,
      3.462393168656612,
      0.22798375028789009
    ],
    [
      1.2009471572212855,
      0.25130087681618674,
      3.4634383413332985,
      0.22509840393536157
    ],
    [
      1.2001696748896171,
      0.25751729289999076,
      3.4650129366049334,
      0.21177396650183195
    ],
    [
      1.1995030582940238,
      0.26749366924918366,
      3.467044097420011,
      0.9446171228440423
    ],
    [
      1.196758510905151,
      0.2649212715146053,
      3.4682829207370873,
      1.7233039293876198
    ],
    [
      1.194123138778691,
      0.26571242797308736,
      3.4694735522856326,
      1.7757081815161162
    ],
    [
      2.409214839291317,
      0.5600463589225336,
      3.47168502587468,
      1.7960139470828425
    ],
    [
      2.505556810372744,
      0.5688117926855558,
      3.476478548534973,
      1.8012728142431143
    ],
    [
      2.5001215765923255,
      0.5699733905661744,
      3.480788826553293,
      1.0534761069137102
    ],
    [
      2.4968829626473745,
      0.5741101283987867,
      3.481598526967911,
      0.47237046706778363
    ],
    [
      2.484364077019087,
      0.5841141199439664,
      3.4826852738397505,
      0.2527034435465414
    ],
    [
      2.7368065680770473,
      -0.42251161185066566,
      3.4842231084991413,
      0.28691215988014274
    ],
    [
      3.1152457455483655,
      -1.6231352771583478,
      3.4908417263691724,
      0.2858755966656299
    ],
    [
      3.2396962499680457,
      -2.4416777485264913,
      3.4863042822503156,
      0.2839404565716879
    ],
    [
      3.4669931668848535,
      -2.486527142116907,
      3.486434806232999,
      0.3098037150066439
    ],
    [
      3.5863170945562595,
      -2.8302804596583213,
      3.486421782528416,
      0.2742428829914935
    ],
    [
      3.589396745966915,
      -2.9427124153506643,
      3.490353191334374,
      0.29710134503123203
    ],
    [
      3.5893755609275204,
      -2.9379949835439647,
      3.493025859817746,
      1.1906480302362334
    ],
    [
      3.5786666131264986,
      -2.9351924419846815,
      3.4956779904250883,
      1.1891370969497561
    ],
    [
      4.913276764911741,
      -3.6054124836704937,
      3.5025361670451454,
      1.2183397378951877
    ],
    [
      4.907213990523837,
      -3.6032073006640903,
      3.5070135214583513,
      1.2415530601709746
    ],
    [
      6.020078095660416,
      -4.156549536597022,
      3.5133571343386927,
      1.2546932081699187
    ],
    [
      6.837874339009909,
      -4.250956365019562,
      3.513589421135574,
      1.2394691325229832
    ],
    [
      6.836590223767378,
      -4.2453284600304215,
      3.5164865068881492,
      1.2474236821370406
    ],
    [
      6.83401150014652,
      -4.243047160902328,
      3.5174876218110405,
      0.45617669567833885
    ],
    [
      6.811593981140431,
      -4.2207082189373715,
      3.5071201526872215,
      5.9420773271584295
    ],
    [
      6.805656749002446,
      -4.222401444600852,
      3.5097001995007147,
      5.000256443354517
    ],
    [
      6.804113203451944,
      -4.220996446435933,
      3.510494153846479,
      4.994740515326854
    ],
    [
      6.798262964026541,
      -4.218374592728593,
      3.5127914998849836,
      4.257700808648471
    ],
    [
      6.793298634366132,
      -4.214452927882068,
      3.515619776363286,
      3.5824977598308636
    ],
    [
      6.791306366052684,
      -4.208634981263098,
      3.5155601523291864,
      2.754124457130995
    ],
    [
      6.790611324340179,
      -4.206679706547832,
      3.5155681938733143,
      1.8487276697038373
    ],
    [
      6.787389875521925,
      -4.202532461381155,
      3.517873924447185,
      1.113587941273369
    ],
    [
      6.787387569963755,
      -4.19864568274178,
      3.5204947352080898,
      0.23966678060449653
    ],
    [
      6.760814898157105,
      -4.413970475016106,
      3.513573600399153,
      5.881791189245199
    ],
    [
      6.757688905804548,
      -4.413386594345136,
      3.514340733719068,
      4.924217063597611
    ],
    [
      6.749326622319938,
      -4.405061846484267,
      3.5190444448504863,
      4.13360459074057
    ],
    [
      6.744843963272361,
      -4.401901968575551,
      3.521949024936352,
      3.521271854654448
    ],
    [
      6.743927896003102,
      -4.39160201616155,
      3.5246801214045473,
      2.6679032711632207
    ],
    [
      6.737889017487179,
      -4.387635506410896,
      3.525823863094883,
      2.1497291642746523
    ],
    [
      6.7308654276840425,
      -4.384296617488943,
      3.527527784195231,
      1.5772538518454513
    ],
    [
      6.72991926284873,
      -4.371400763991613,
      3.5319895914994186,
      0.7004025945831603
    ],
    [
      6.725040927251417,
      -4.366061336346694,
      3.531990348295583,
      0.3104963049825776
    ],
    [
      6.709229390066292,
      -4.368041948497555,
      3.5288385095616994,
      5.80585469268316
    ],
    [
      6.701381596817805,
      -4.362780880518012,
      3.5294832485814864,
      5.024552936452104
    ],
    [
      6.6968292237067955,
      -4.353530640802468,
      3.5319018245427833,
      4.197854433423289
    ],
    [
      6.688474463346218,
      -4.347468010367098,
      3.5337026197448176,
      3.342695036299847
    ],
    [
      6.679692051400635,
      -4.343096043532146,
      3.5363894710549313,
      2.539727162424067
    ],
    [
      6.67897803501064,
      -4.338360954244217,
      3.5374874143609207,
      1.7347358202324874
    ],
    [
      6.674200856925059,
      -4.327243873068067,
      3.541184577410826,
      0.9601900320087351
    ],
    [
      6.660037193959031,
      -4.330866025692522,
      3.5452324193153486,
      6.2091867778281635
    ],
    [
      6.650335784149652,
      -4.323195285204207,
      3.5470318454427496,
      5.478162961467081
    ],
    [
      6.644485065234905,
      -4.319836645090847,
      3.5483434899760726,
      4.901604777080753
    ],
    [
      6.639291310173481,
      -4.3130157445599115,
      3.5521991015733643,
      4.119519858219925
    ],
    [
      6.634126495642575,
      -4.309149527166061,
      3.5544599662537832,
      3.2559217358773163
    ],
    [
      6.6291864834195025,
      -4.305155072587498,
      3.5554582717483707,
      3.240289813657591
    ],
    [
      6.628480027613045,
      -4.019457077306668,
      2.997051046754133,
      3.264304106305335
    ]
  ],
  "instructions": [
    "Starting at the entrance of the bedroom before a central bed, approach the closets and side window",
    "then turn right into the bathroom entrance by the sink and keypad",
    "approach the bathtub",
    "turn left into the hallway center framed by picture frames and doors",
    "approach the hallway\u2019s end beside its doorways and handrails",
    "turn right into the nursery entrance by a chair and dresser",
    "approach the nursery midpoint near that chair and dresser",
    "continue to the far end of the nursery by the small window and chair",
    "turn left to face the crib and lamp at the nursery\u2019s end",
    "turn left again back to the nursery doorway by the name sign",
    "and finally descend in front of the crib"
  ],
  "current_instruction_index": 10,
  "termination_reason": "max_steps"
}