{
  "episode_key": "gibson_1/Micanopy/traj_4/instruction_pro.json",
  "NE": 1.7918360707214944,
  "SR": 1,
  "OSR": 1,
  "nDTW": 0.31129753393614557,
  "final_dist": 1.7918360707214944,
  "final_angle_diff": 1.3381294453629775,
  "gt_path_length": 12.739991764961824,
  "pred_steps": 60
}