{
  "episode_key": "gibson_2/Placida/traj_-1/instruction_pro.json",
  "NE": 3.3285357596497875,
  "SR": 0,
  "OSR": 0,
  "nDTW": 0.15289074553170887,
  "final_dist": 3.3285357596497875,
  "final_angle_diff": 0.06415142143289243,
  "gt_path_length": 18.619986500155207,
  "pred_steps": 36
}