{
  "episode_key": "gibson_1/Brevort/traj_3/instruction_pro.json",
  "NE": 4.582777393409683,
  "SR": 0,
  "OSR": 0,
  "nDTW": 0.08884059285322664,
  "final_dist": 4.582777393409683,
  "final_angle_diff": 2.9851387149272943,
  "gt_path_length": 9.310001631225077,
  "pred_steps": 58
}