{
  "episode_key": "gibson_1/Brevort/traj_1/instruction_pro.json",
  "NE": 4.375918430307884,
  "SR": 0,
  "OSR": 0,
  "nDTW": 0.049727022261823045,
  "final_dist": 4.375918430307884,
  "final_angle_diff": 0.14569674038925573,
  "gt_path_length": 14.769996147059816,
  "pred_steps": 78
}