{
  "episode_key": "gibson_1/Micanopy/traj_-4/instruction_pro.json",
  "NE": 9.51112016221883,
  "SR": 0,
  "OSR": 0,
  "nDTW": 0.035331675740297865,
  "final_dist": 9.51112016221883,
  "final_angle_diff": 2.749140657165062,
  "gt_path_length": 12.739991764961824,
  "pred_steps": 52
}