{
  "episode_key": "gibson_1/Arkansaw/traj_1/instruction.json",
  "NE": 6.886843224673667,
  "SR": 0,
  "OSR": 0,
  "nDTW": 0.04661476938061346,
  "final_dist": 6.886843224673667,
  "final_angle_diff": 1.386817222416333,
  "gt_path_length": 24.71000052596863,
  "pred_steps": 108
}