{
  "episode_key": "gibson_2/Scioto/traj_-2/instruction_pro.json",
  "NE": 6.01419502621914,
  "SR": 0,
  "OSR": 0,
  "nDTW": 0.08345209829504727,
  "final_dist": 6.01419502621914,
  "final_angle_diff": 2.278301750460096,
  "gt_path_length": 26.179997910622923,
  "pred_steps": 60
}