{
  "episode_key": "gibson_1/Micanopy/traj_4/instruction.json",
  "NE": 6.675912330310941,
  "SR": 0,
  "OSR": 0,
  "nDTW": 0.019941519336104604,
  "final_dist": 6.675912330310941,
  "final_angle_diff": 2.314756568691638,
  "gt_path_length": 12.739991764961824,
  "pred_steps": 49
}