{
  "episode_key": "gibson_2/Scioto/traj_2/instruction.json",
  "NE": 9.50596778927222,
  "SR": 0,
  "OSR": 0,
  "nDTW": 0.04814582558032864,
  "final_dist": 9.50596778927222,
  "final_angle_diff": 3.0618415828022587,
  "gt_path_length": 26.179997910622923,
  "pred_steps": 41
}