{
  "episode_key": "gibson_1/Arkansaw/traj_3/instruction.json",
  "NE": 4.69703713235232,
  "SR": 0,
  "OSR": 0,
  "nDTW": 0.09380751569363235,
  "final_dist": 4.69703713235232,
  "final_angle_diff": 1.7426465429469098,
  "gt_path_length": 9.100004296120908,
  "pred_steps": 52
}