{
  "episode_key": "gibson_1/Albertville/traj_4/instruction.json",
  "NE": 4.9020766146068,
  "SR": 0,
  "OSR": 0,
  "nDTW": 0.027877667460830334,
  "final_dist": 4.9020766146068,
  "final_angle_diff": 0.06964169550977761,
  "gt_path_length": 17.21998136432744,
  "pred_steps": 97
}