{
  "episode_key": "gibson_1/Arkansaw/traj_4/instruction.json",
  "NE": 5.598719778329755,
  "SR": 0,
  "OSR": 0,
  "nDTW": 0.03734080751272507,
  "final_dist": 5.598719778329755,
  "final_angle_diff": 0.3963843314980027,
  "gt_path_length": 8.749991667422607,
  "pred_steps": 45
}