{
  "episode_key": "gibson_1/Micanopy/traj_5/instruction_pro.json",
  "NE": 5.106550246323605,
  "SR": 0,
  "OSR": 0,
  "nDTW": 0.20038455043330633,
  "final_dist": 5.106550246323605,
  "final_angle_diff": 0.061923416810025333,
  "gt_path_length": 19.390002401205933,
  "pred_steps": 28
}