{
  "episode_key": "gibson_2/Scioto/traj_-2/instruction.json",
  "NE": 1.7415174487441523,
  "SR": 1,
  "OSR": 1,
  "nDTW": 0.20153012742201107,
  "final_dist": 1.7415174487441523,
  "final_angle_diff": 0.007796752568559384,
  "gt_path_length": 26.179997910622923,
  "pred_steps": 52
}