{
  "episode_key": "gibson_1/Micanopy/traj_6/instruction_pro.json",
  "NE": 6.352430598957108,
  "SR": 0,
  "OSR": 0,
  "nDTW": 0.07986124411531403,
  "final_dist": 6.352430598957108,
  "final_angle_diff": 2.6969660534942372,
  "gt_path_length": 14.139998715587806,
  "pred_steps": 25
}