{
  "episode_key": "gibson_2/Scioto/traj_-4/instruction_pro.json",
  "NE": 4.188050867020989,
  "SR": 0,
  "OSR": 0,
  "nDTW": 0.2408519814987327,
  "final_dist": 4.188050867020989,
  "final_angle_diff": 0.32121116701855845,
  "gt_path_length": 15.60998072846343,
  "pred_steps": 15
}