{
  "episode_key": "gibson_1/Micanopy/traj_-1/instruction.json",
  "NE": 5.804009589708659,
  "SR": 0,
  "OSR": 0,
  "nDTW": 0.03668739092426473,
  "final_dist": 5.804009589708659,
  "final_angle_diff": 2.940321980397865,
  "gt_path_length": 18.759999519989268,
  "pred_steps": 83
}