{
  "episode_key": "gibson_2/Placida/traj_-1/instruction.json",
  "NE": 3.0916723225988414,
  "SR": 0,
  "OSR": 0,
  "nDTW": 0.144411325489452,
  "final_dist": 3.0916723225988414,
  "final_angle_diff": 1.214752394309027,
  "gt_path_length": 18.619986500155207,
  "pred_steps": 31
}