{
  "episode_key": "gibson_2/Scioto/traj_2/instruction_pro.json",
  "NE": 5.167200205194339,
  "SR": 0,
  "OSR": 0,
  "nDTW": 0.14279803682182263,
  "final_dist": 5.167200205194339,
  "final_angle_diff": 1.6059398868410386,
  "gt_path_length": 26.179997910622923,
  "pred_steps": 38
}