{
  "episode_key": "gibson_1/Brevort/traj_-1/instruction_pro.json",
  "NE": 3.655054188352358,
  "SR": 0,
  "OSR": 0,
  "nDTW": 0.05084992826316775,
  "final_dist": 3.655054188352358,
  "final_angle_diff": 0.3115684553788043,
  "gt_path_length": 14.769996147059816,
  "pred_steps": 139
}