{
  "episode_key": "gibson_2/Placida/traj_2/instruction.json",
  "NE": 13.865851558464795,
  "SR": 0,
  "OSR": 0,
  "nDTW": 0.021742846543751533,
  "final_dist": 13.865851558464795,
  "final_angle_diff": 1.1617178468452414,
  "gt_path_length": 13.229987912468413,
  "pred_steps": 59
}