{
  "episode_key": "gibson_1/Albertville/traj_1/instruction.json",
  "NE": 7.324754493568928,
  "SR": 0,
  "OSR": 0,
  "nDTW": 0.015447435729540191,
  "final_dist": 7.324754493568928,
  "final_angle_diff": 2.9145974091885267,
  "gt_path_length": 34.859985825723406,
  "pred_steps": 95
}