{
  "episode_key": "gibson_1/Eagerville/traj_1/instruction.json",
  "NE": 4.574031324802101,
  "SR": 0,
  "OSR": 0,
  "nDTW": 0.13411335122775486,
  "final_dist": 4.574031324802101,
  "final_angle_diff": 1.5503874153859298,
  "gt_path_length": 11.900013315830197,
  "pred_steps": 64
}