{
  "episode_key": "gibson_1/Arkansaw/traj_3/instruction_pro.json",
  "NE": 4.124840178679064,
  "SR": 0,
  "OSR": 0,
  "nDTW": 0.1294852229548492,
  "final_dist": 4.124840178679064,
  "final_angle_diff": 1.417585849082279,
  "gt_path_length": 9.100004296120908,
  "pred_steps": 72
}