{
  "episode_key": "gibson_1/Micanopy/traj_-2/instruction_pro.json",
  "NE": 8.436997083398422,
  "SR": 0,
  "OSR": 0,
  "nDTW": 0.10816625790081504,
  "final_dist": 8.436997083398422,
  "final_angle_diff": 1.6985142519614473,
  "gt_path_length": 30.52000588370548,
  "pred_steps": 93
}