{
  "episode_key": "gibson_1/Arkansaw/traj_1/instruction_pro.json",
  "NE": 5.022595477573296,
  "SR": 0,
  "OSR": 0,
  "nDTW": 0.04116992467074197,
  "final_dist": 5.022595477573296,
  "final_angle_diff": 0.5680555894535253,
  "gt_path_length": 24.71000052596863,
  "pred_steps": 104
}