{
  "episode_key": "gibson_2/Placida/traj_-2/instruction.json",
  "NE": 4.546275442674529,
  "SR": 0,
  "OSR": 0,
  "nDTW": 0.16982113721618436,
  "final_dist": 4.546275442674529,
  "final_angle_diff": 0.43066984886006665,
  "gt_path_length": 13.229987912468413,
  "pred_steps": 22
}