{
  "episode_key": "gibson_1/Albertville/traj_-1/instruction.json",
  "NE": 8.134138308457196,
  "SR": 0,
  "OSR": 0,
  "nDTW": 0.037791684775425285,
  "final_dist": 8.134138308457196,
  "final_angle_diff": 2.3420129388240896,
  "gt_path_length": 34.859985825723406,
  "pred_steps": 125
}