{
  "episode_key": "gibson_2/Scioto/traj_-1/instruction_pro.json",
  "NE": 8.908884930295963,
  "SR": 0,
  "OSR": 0,
  "nDTW": 0.011092497884187346,
  "final_dist": 8.908884930295963,
  "final_angle_diff": 1.99336509486972,
  "gt_path_length": 35.62999001068604,
  "pred_steps": 60
}