{
  "episode_key": "gibson_2/Scioto/traj_1/instruction.json",
  "NE": 9.879094438158768,
  "SR": 0,
  "OSR": 0,
  "nDTW": 0.010308159161464091,
  "final_dist": 9.879094438158768,
  "final_angle_diff": 0.5189108968804016,
  "gt_path_length": 35.62999001068604,
  "pred_steps": 60
}