{
  "episode_key": "gibson_2/Placida/traj_1/instruction_pro.json",
  "NE": 6.884814519418399,
  "SR": 0,
  "OSR": 0,
  "nDTW": 0.08630111893159886,
  "final_dist": 6.884814519418399,
  "final_angle_diff": 1.887837267318496,
  "gt_path_length": 18.619986500155207,
  "pred_steps": 60
}