{
  "episode_key": "gibson_2/Scioto/traj_-1/instruction.json",
  "NE": 8.363107517241348,
  "SR": 0,
  "OSR": 0,
  "nDTW": 0.022321277287559876,
  "final_dist": 8.363107517241348,
  "final_angle_diff": 0.25682309750131793,
  "gt_path_length": 35.62999001068604,
  "pred_steps": 60
}