{
  "episode_key": "gibson_1/Micanopy/traj_-3/instruction.json",
  "NE": 9.260238419553046,
  "SR": 0,
  "OSR": 0,
  "nDTW": 0.11114538674159363,
  "final_dist": 9.260238419553046,
  "final_angle_diff": 0.4540010575576452,
  "gt_path_length": 16.38000041018732,
  "pred_steps": 72
}