{
  "episode_key": "gibson_1/Micanopy/traj_3/instruction.json",
  "NE": 7.307452895829059,
  "SR": 0,
  "OSR": 0,
  "nDTW": 0.18885877657922182,
  "final_dist": 7.307452895829059,
  "final_angle_diff": 0.4339044423639996,
  "gt_path_length": 16.38000041018732,
  "pred_steps": 29
}