{
  "episode_key": "gibson_1/Arkansaw/traj_-2/instruction_pro.json",
  "NE": 3.719567513775608,
  "SR": 0,
  "OSR": 0,
  "nDTW": 0.21892348874129042,
  "final_dist": 3.719567513775608,
  "final_angle_diff": 2.2279219271276927,
  "gt_path_length": 12.320009350063104,
  "pred_steps": 133
}