{
  "episode_key": "gibson_2/Scioto/traj_3/instruction.json",
  "NE": 6.903951096740602,
  "SR": 0,
  "OSR": 0,
  "nDTW": 0.04274049602844787,
  "final_dist": 6.903951096740602,
  "final_angle_diff": 1.4406849939056245,
  "gt_path_length": 33.38999543623804,
  "pred_steps": 60
}