{
  "episode_key": "gibson_1/Micanopy/traj_7/instruction.json",
  "NE": 4.464289630045505,
  "SR": 0,
  "OSR": 0,
  "nDTW": 0.11115722068586262,
  "final_dist": 4.464289630045505,
  "final_angle_diff": 0.2094999369651518,
  "gt_path_length": 13.440005755404528,
  "pred_steps": 17
}