{
  "episode_key": "gibson_1/Micanopy/traj_-2/instruction.json",
  "NE": 8.365960893216602,
  "SR": 0,
  "OSR": 0,
  "nDTW": 0.13076018518045324,
  "final_dist": 8.365960893216602,
  "final_angle_diff": 0.26394512911708135,
  "gt_path_length": 30.52000588370548,
  "pred_steps": 72
}